{"cameraMode":{"drawMode":0,"name":"Shaded","section":"Shading Mode"},"sceneLighting":true,"audioPlay":false,"sceneViewState":{"showFog":true,"showMaterialUpdate":false,"showSkybox":true,"showFlares":true,"showImageEffects":true,"showParticleSystems":true},"in2DMode":false,"pivot":{"x":-0.6263707876205444,"y":0.07560905814170838,"z":0.37059643864631655},"rotation":{"x":0.06546079367399216,"y":-0.9309409856796265,"z":0.2080768495798111,"w":0.2928728461265564},"size":7.441867828369141,"orthographic":true}